date,home_team,away_team,home_score,away_score,neutral,tournament
1930-07-13,France,Mexico,4,1,1,World Cup 1930
1930-07-13,USA,Belgium,3,0,1,World Cup 1930
1930-07-14,Yugoslavia,Brazil,2,1,1,World Cup 1930
1930-07-14,Romania,Peru,3,1,1,World Cup 1930
1930-07-15,Argentina,France,1,0,1,World Cup 1930
1930-07-16,Chile,Mexico,3,0,1,World Cup 1930
1930-07-17,Yugoslavia,Bolivia,4,0,1,World Cup 1930
1930-07-17,USA,Paraguay,3,0,1,World Cup 1930
1930-07-18,Uruguay,Peru,1,0,0,World Cup 1930
1930-07-19,Chile,France,1,0,1,World Cup 1930
1930-07-19,Argentina,Mexico,6,3,1,World Cup 1930
1930-07-20,Brazil,Bolivia,4,0,1,World Cup 1930
1930-07-20,Paraguay,Belgium,1,0,1,World Cup 1930
1930-07-21,Uruguay,Romania,4,0,0,World Cup 1930
1930-07-22,Argentina,Chile,3,1,1,World Cup 1930
1930-07-26,Argentina,USA,6,1,1,World Cup 1930
1930-07-27,Uruguay,Yugoslavia,6,1,0,World Cup 1930
1930-07-30,Uruguay,Argentina,4,2,0,World Cup 1930
1934-05-27,Sweden,Argentina,3,2,1,World Cup 1934
1934-05-27,Austria,France,1,1,1,World Cup 1934
1934-05-27,Germany,Belgium,5,2,1,World Cup 1934
1934-05-27,Spain,Brazil,3,1,1,World Cup 1934
1934-05-27,Hungary,Egypt,4,2,1,World Cup 1934
1934-05-27,Switzerland,Netherlands,3,2,1,World Cup 1934
1934-05-27,Italy,USA,7,1,0,World Cup 1934
1934-05-27,Czechoslovakia,Romania,2,1,1,World Cup 1934
1934-05-31,Czechoslovakia,Switzerland,3,2,1,World Cup 1934
1934-05-31,Germany,Sweden,2,1,1,World Cup 1934
1934-05-31,Italy,Spain,1,1,0,World Cup 1934
1934-05-31,Austria,Hungary,2,1,1,World Cup 1934
1934-06-01,Italy,Spain,1,0,0,World Cup 1934
1934-06-03,Italy,Austria,1,0,0,World Cup 1934
1934-06-03,Czechoslovakia,Germany,3,1,1,World Cup 1934
1934-06-07,Germany,Austria,3,2,1,World Cup 1934
1934-06-10,Italy,Czechoslovakia,1,1,0,World Cup 1934
1938-06-04,Switzerland,Germany,1,1,1,World Cup 1938
1938-06-05,Hungary,Dutch East Indies,6,0,1,World Cup 1938
1938-06-05,France,Belgium,3,1,0,World Cup 1938
1938-06-05,Cuba,Romania,2,2,1,World Cup 1938
1938-06-05,Italy,Norway,1,1,1,World Cup 1938
1938-06-05,Brazil,Poland,4,4,1,World Cup 1938
1938-06-05,Czechoslovakia,Netherlands,0,0,1,World Cup 1938
1938-06-09,Cuba,Romania,2,1,1,World Cup 1938
1938-06-09,Germany,Switzerland,2,4,1,World Cup 1938
1938-06-12,Brazil,Czechoslovakia,1,1,1,World Cup 1938
1938-06-12,Switzerland,Hungary,0,2,1,World Cup 1938
1938-06-12,Sweden,Cuba,8,0,1,World Cup 1938
1938-06-12,France,Italy,1,3,0,World Cup 1938
1938-06-14,Brazil,Czechoslovakia,2,1,1,World Cup 1938
1938-06-16,Hungary,Sweden,5,1,1,World Cup 1938
1938-06-16,Italy,Brazil,2,1,1,World Cup 1938
1938-06-19,Sweden,Brazil,2,4,1,World Cup 1938
1938-06-19,Hungary,Italy,2,4,1,World Cup 1938
1950-06-24,Brazil,Mexico,4,0,0,World Cup 1950
1950-06-25,Yugoslavia,Switzerland,3,0,1,World Cup 1950
1950-06-25,England,Chile,2,0,1,World Cup 1950
1950-06-25,Spain,USA,3,1,1,World Cup 1950
1950-06-25,Sweden,Italy,3,2,1,World Cup 1950
1950-06-28,Brazil,Switzerland,2,2,0,World Cup 1950
1950-06-28,Yugoslavia,Mexico,4,1,1,World Cup 1950
1950-06-29,Spain,Chile,2,0,1,World Cup 1950
1950-06-29,USA,England,1,0,1,World Cup 1950
1950-06-29,Sweden,Paraguay,2,2,1,World Cup 1950
1950-07-01,Brazil,Yugoslavia,2,0,0,World Cup 1950
1950-07-02,Switzerland,Mexico,2,1,1,World Cup 1950
1950-07-02,Spain,England,1,0,1,World Cup 1950
1950-07-02,Chile,USA,5,2,1,World Cup 1950
1950-07-02,Italy,Paraguay,2,0,1,World Cup 1950
1950-07-02,Uruguay,Bolivia,8,0,1,World Cup 1950
1950-07-09,Uruguay,Spain,2,2,1,World Cup 1950
1950-07-09,Brazil,Sweden,7,1,0,World Cup 1950
1950-07-13,Brazil,Spain,6,1,0,World Cup 1950
1950-07-13,Uruguay,Sweden,3,2,1,World Cup 1950
1950-07-16,Sweden,Spain,3,1,1,World Cup 1950
1950-07-16,Uruguay,Brazil,2,1,0,World Cup 1950
1954-06-16,Brazil,Mexico,5,0,1,World Cup 1954
1954-06-16,Yugoslavia,France,1,0,1,World Cup 1954
1954-06-16,Uruguay,Czechoslovakia,2,0,1,World Cup 1954
1954-06-16,Austria,Scotland,1,0,1,World Cup 1954
1954-06-17,Germany,Turkey,4,1,1,World Cup 1954
1954-06-17,Hungary,South Korea,9,0,1,World Cup 1954
1954-06-17,England,Belgium,3,3,1,World Cup 1954
1954-06-17,Switzerland,Italy,2,1,0,World Cup 1954
1954-06-19,Brazil,Yugoslavia,1,1,1,World Cup 1954
1954-06-19,France,Mexico,3,2,1,World Cup 1954
1954-06-19,Austria,Czechoslovakia,5,0,1,World Cup 1954
1954-06-19,Uruguay,Scotland,7,0,1,World Cup 1954
1954-06-20,Hungary,Germany,8,3,1,World Cup 1954
1954-06-20,Turkey,South Korea,7,0,1,World Cup 1954
1954-06-20,England,Switzerland,2,0,0,World Cup 1954
1954-06-20,Italy,Belgium,4,1,1,World Cup 1954
1954-06-23,Germany,Turkey,7,2,1,World Cup 1954
1954-06-23,Switzerland,Italy,4,1,0,World Cup 1954
1954-06-26,Austria,Switzerland,7,5,0,World Cup 1954
1954-06-26,Uruguay,England,4,2,1,World Cup 1954
1954-06-27,Yugoslavia,Germany,0,2,1,World Cup 1954
1954-06-27,Brazil,Hungary,2,4,1,World Cup 1954
1954-06-30,Germany,Austria,6,1,1,World Cup 1954
1954-06-30,Hungary,Uruguay,2,2,1,World Cup 1954
1954-07-03,Uruguay,Austria,1,3,1,World Cup 1954
1954-07-04,Hungary,Germany,2,3,1,World Cup 1954
1958-06-08,Germany,Argentina,3,1,1,World Cup 1958
1958-06-08,Northern Ireland,Czechoslovakia,1,0,1,World Cup 1958
1958-06-08,France,Paraguay,7,3,1,World Cup 1958
1958-06-08,Yugoslavia,Scotland,1,1,1,World Cup 1958
1958-06-08,Sweden,Mexico,3,0,0,World Cup 1958
1958-06-08,Hungary,Wales,1,1,1,World Cup 1958
1958-06-08,Brazil,Austria,3,0,1,World Cup 1958
1958-06-08,Soviet Union,England,2,2,1,World Cup 1958
1958-06-11,Argentina,Northern Ireland,3,1,1,World Cup 1958
1958-06-11,Germany,Czechoslovakia,2,2,1,World Cup 1958
1958-06-11,Yugoslavia,France,3,2,1,World Cup 1958
1958-06-11,Paraguay,Scotland,3,2,1,World Cup 1958
1958-06-11,Mexico,Wales,1,1,1,World Cup 1958
1958-06-11,Brazil,England,0,0,1,World Cup 1958
1958-06-11,Soviet Union,Austria,2,0,1,World Cup 1958
1958-06-12,Sweden,Hungary,2,1,0,World Cup 1958
1958-06-15,Germany,Northern Ireland,2,2,1,World Cup 1958
1958-06-15,Czechoslovakia,Argentina,6,1,1,World Cup 1958
1958-06-15,France,Scotland,2,1,1,World Cup 1958
1958-06-15,Paraguay,Yugoslavia,3,3,1,World Cup 1958
1958-06-15,Sweden,Wales,0,0,0,World Cup 1958
1958-06-15,Hungary,Mexico,4,0,1,World Cup 1958
1958-06-15,England,Austria,2,2,1,World Cup 1958
1958-06-15,Brazil,Soviet Union,2,0,1,World Cup 1958
1958-06-17,Northern Ireland,Czechoslovakia,1,1,1,World Cup 1958
1958-06-17,Wales,Hungary,2,1,1,World Cup 1958
1958-06-17,Soviet Union,England,1,0,1,World Cup 1958
1958-06-19,France,Northern Ireland,4,0,1,World Cup 1958
1958-06-19,Sweden,Soviet Union,2,0,0,World Cup 1958
1958-06-19,Brazil,Wales,1,0,1,World Cup 1958
1958-06-19,Germany,Yugoslavia,1,0,1,World Cup 1958
1958-06-24,France,Brazil,2,5,1,World Cup 1958
1958-06-24,Germany,Sweden,1,3,0,World Cup 1958
1958-06-28,Germany,France,3,6,1,World Cup 1958
1958-06-29,Sweden,Brazil,2,5,0,World Cup 1958
1962-05-30,Uruguay,Colombia,2,1,1,World Cup 1962
1962-05-30,Chile,Switzerland,3,1,0,World Cup 1962
1962-05-30,Brazil,Mexico,2,0,1,World Cup 1962
1962-05-30,Argentina,Bulgaria,1,0,1,World Cup 1962
1962-05-31,Soviet Union,Yugoslavia,2,0,1,World Cup 1962
1962-05-31,Germany,Italy,0,0,1,World Cup 1962
1962-05-31,Czechoslovakia,Spain,1,0,1,World Cup 1962
1962-05-31,Hungary,England,2,1,1,World Cup 1962
1962-06-02,Yugoslavia,Uruguay,3,1,1,World Cup 1962
1962-06-02,Chile,Italy,2,0,0,World Cup 1962
1962-06-02,Brazil,Czechoslovakia,0,0,1,World Cup 1962
1962-06-02,England,Argentina,3,1,1,World Cup 1962
1962-06-03,Soviet Union,Colombia,4,4,1,World Cup 1962
1962-06-03,Germany,Switzerland,2,1,1,World Cup 1962
1962-06-03,Spain,Mexico,1,0,1,World Cup 1962
1962-06-03,Hungary,Bulgaria,6,1,1,World Cup 1962
1962-06-06,Soviet Union,Uruguay,2,1,1,World Cup 1962
1962-06-06,Germany,Chile,2,0,0,World Cup 1962
1962-06-06,Brazil,Spain,2,1,1,World Cup 1962
1962-06-06,Hungary,Argentina,0,0,1,World Cup 1962
1962-06-07,Yugoslavia,Colombia,5,0,1,World Cup 1962
1962-06-07,Italy,Switzerland,3,0,1,World Cup 1962
1962-06-07,Mexico,Czechoslovakia,3,1,1,World Cup 1962
1962-06-07,England,Bulgaria,0,0,1,World Cup 1962
1962-06-10,Chile,Soviet Union,2,1,0,World Cup 1962
1962-06-10,Yugoslavia,Germany,1,0,1,World Cup 1962
1962-06-10,Brazil,England,3,1,1,World Cup 1962
1962-06-10,Czechoslovakia,Hungary,1,0,1,World Cup 1962
1962-06-13,Brazil,Chile,4,2,0,World Cup 1962
1962-06-13,Czechoslovakia,Yugoslavia,3,1,1,World Cup 1962
1962-06-16,Chile,Yugoslavia,1,0,0,World Cup 1962
1962-06-17,Brazil,Czechoslovakia,3,1,1,World Cup 1962
1966-07-11,England,Uruguay,0,0,0,World Cup 1966
1966-07-12,Germany,Switzerland,5,0,1,World Cup 1966
1966-07-12,Brazil,Bulgaria,2,0,1,World Cup 1966
1966-07-12,Soviet Union,North Korea,3,0,1,World Cup 1966
1966-07-13,France,Mexico,1,1,1,World Cup 1966
1966-07-13,Argentina,Spain,2,1,1,World Cup 1966
1966-07-13,Portugal,Hungary,3,1,1,World Cup 1966
1966-07-13,Italy,Chile,2,0,1,World Cup 1966
1966-07-15,Uruguay,France,2,1,1,World Cup 1966
1966-07-15,Spain,Switzerland,2,1,1,World Cup 1966
1966-07-15,Hungary,Brazil,3,1,1,World Cup 1966
1966-07-15,Chile,North Korea,1,1,1,World Cup 1966
1966-07-16,England,Mexico,2,0,0,World Cup 1966
1966-07-16,Argentina,Germany,0,0,1,World Cup 1966
1966-07-16,Portugal,Bulgaria,3,0,1,World Cup 1966
1966-07-16,Soviet Union,Italy,1,0,1,World Cup 1966
1966-07-19,Mexico,Uruguay,0,0,1,World Cup 1966
1966-07-19,Argentina,Switzerland,2,0,1,World Cup 1966
1966-07-19,Portugal,Brazil,3,1,1,World Cup 1966
1966-07-19,North Korea,Italy,1,0,1,World Cup 1966
1966-07-20,England,France,2,0,0,World Cup 1966
1966-07-20,Germany,Spain,2,1,1,World Cup 1966
1966-07-20,Hungary,Bulgaria,3,1,1,World Cup 1966
1966-07-20,Soviet Union,Chile,2,1,1,World Cup 1966
1966-07-23,England,Argentina,1,0,0,World Cup 1966
1966-07-23,Germany,Uruguay,4,0,1,World Cup 1966
1966-07-23,Soviet Union,Hungary,2,1,1,World Cup 1966
1966-07-23,Portugal,North Korea,5,3,1,World Cup 1966
1966-07-25,Germany,Soviet Union,2,1,1,World Cup 1966
1966-07-26,England,Portugal,2,1,0,World Cup 1966
1966-07-28,Portugal,Soviet Union,2,1,1,World Cup 1966
1966-07-30,England,Germany,2,2,0,World Cup 1966
1970-05-31,Mexico,Soviet Union,0,0,0,World Cup 1970
1970-06-02,Uruguay,Israel,2,0,1,World Cup 1970
1970-06-02,Romania,England,0,1,1,World Cup 1970
1970-06-02,Peru,Bulgaria,3,2,1,World Cup 1970
1970-06-03,Belgium,El Salvador,3,0,1,World Cup 1970
1970-06-03,Italy,Sweden,1,0,1,World Cup 1970
1970-06-03,Czechoslovakia,Brazil,1,4,1,World Cup 1970
1970-06-03,Morocco,Germany,1,2,1,World Cup 1970
1970-06-06,Soviet Union,Belgium,4,1,1,World Cup 1970
1970-06-06,Uruguay,Italy,0,0,1,World Cup 1970
1970-06-06,Romania,Czechoslovakia,2,1,1,World Cup 1970
1970-06-06,Peru,Morocco,3,0,1,World Cup 1970
1970-06-07,Mexico,El Salvador,4,0,0,World Cup 1970
1970-06-07,Sweden,Israel,1,1,1,World Cup 1970
1970-06-07,England,Brazil,0,1,1,World Cup 1970
1970-06-07,Bulgaria,Germany,2,5,1,World Cup 1970
1970-06-10,Soviet Union,El Salvador,2,0,1,World Cup 1970
1970-06-10,Uruguay,Sweden,0,1,1,World Cup 1970
1970-06-10,Romania,Brazil,2,3,1,World Cup 1970
1970-06-10,Peru,Germany,1,3,1,World Cup 1970
1970-06-11,Mexico,Belgium,1,0,0,World Cup 1970
1970-06-11,Israel,Italy,0,0,1,World Cup 1970
1970-06-11,England,Czechoslovakia,1,0,1,World Cup 1970
1970-06-11,Bulgaria,Morocco,1,1,1,World Cup 1970
1970-06-14,Soviet Union,Uruguay,0,0,1,World Cup 1970
1970-06-14,Italy,Mexico,4,1,0,World Cup 1970
1970-06-14,Brazil,Peru,4,2,1,World Cup 1970
1970-06-14,Germany,England,2,2,1,World Cup 1970
1970-06-17,Uruguay,Brazil,1,3,1,World Cup 1970
1970-06-17,Italy,Germany,1,1,1,World Cup 1970
1970-06-20,Uruguay,Germany,0,1,1,World Cup 1970
1970-06-21,Brazil,Italy,4,1,1,World Cup 1970
1974-06-13,Brazil,Yugoslavia,0,0,1,World Cup 1974
1974-06-14,Germany,Chile,1,0,0,World Cup 1974
1974-06-14,East Germany,Australia,2,0,1,World Cup 1974
1974-06-14,DR Congo,Scotland,0,2,1,World Cup 1974
1974-06-15,Uruguay,Netherlands,0,2,1,World Cup 1974
1974-06-15,Sweden,Bulgaria,0,0,1,World Cup 1974
1974-06-15,Italy,Haiti,3,1,1,World Cup 1974
1974-06-15,Poland,Argentina,3,2,1,World Cup 1974
1974-06-18,Chile,East Germany,1,1,1,World Cup 1974
1974-06-18,Australia,Germany,0,3,0,World Cup 1974
1974-06-18,Yugoslavia,DR Congo,9,0,1,World Cup 1974
1974-06-18,Scotland,Brazil,0,0,1,World Cup 1974
1974-06-19,Netherlands,Sweden,0,0,1,World Cup 1974
1974-06-19,Uruguay,Bulgaria,1,1,1,World Cup 1974
1974-06-19,Haiti,Poland,0,7,1,World Cup 1974
1974-06-19,Argentina,Italy,1,1,1,World Cup 1974
1974-06-22,Australia,Chile,0,0,1,World Cup 1974
1974-06-22,East Germany,Germany,1,0,0,World Cup 1974
1974-06-22,Scotland,Yugoslavia,1,1,1,World Cup 1974
1974-06-22,DR Congo,Brazil,0,3,1,World Cup 1974
1974-06-23,Netherlands,Bulgaria,4,1,1,World Cup 1974
1974-06-23,Sweden,Uruguay,3,0,1,World Cup 1974
1974-06-23,Argentina,Haiti,4,1,1,World Cup 1974
1974-06-23,Poland,Italy,2,1,1,World Cup 1974
1974-06-26,Brazil,East Germany,1,0,1,World Cup 1974
1974-06-26,Netherlands,Argentina,4,0,1,World Cup 1974
1974-06-26,Yugoslavia,Germany,0,2,0,World Cup 1974
1974-06-26,Sweden,Poland,0,1,1,World Cup 1974
1974-06-30,East Germany,Netherlands,0,2,1,World Cup 1974
1974-06-30,Argentina,Brazil,1,2,1,World Cup 1974
1974-06-30,Germany,Sweden,4,2,0,World Cup 1974
1974-06-30,Poland,Yugoslavia,2,1,1,World Cup 1974
1974-07-03,Argentina,East Germany,1,1,1,World Cup 1974
1974-07-03,Netherlands,Brazil,2,0,1,World Cup 1974
1974-07-03,Poland,Germany,0,1,0,World Cup 1974
1974-07-03,Sweden,Yugoslavia,2,1,1,World Cup 1974
1974-07-06,Brazil,Poland,0,1,1,World Cup 1974
1974-07-07,Netherlands,Germany,1,2,0,World Cup 1974
1978-06-01,Germany,Poland,0,0,1,World Cup 1978
1978-06-02,Argentina,Hungary,2,1,0,World Cup 1978
1978-06-02,Italy,France,2,1,1,World Cup 1978
1978-06-02,Tunisia,Mexico,3,1,1,World Cup 1978
1978-06-03,Austria,Spain,2,1,1,World Cup 1978
1978-06-03,Brazil,Sweden,1,1,1,World Cup 1978
1978-06-03,Peru,Scotland,3,1,1,World Cup 1978
1978-06-03,Netherlands,Iran,3,0,1,World Cup 1978
1978-06-06,Argentina,France,2,1,0,World Cup 1978
1978-06-06,Italy,Hungary,3,1,1,World Cup 1978
1978-06-06,Poland,Tunisia,1,0,1,World Cup 1978
1978-06-06,Germany,Mexico,6,0,1,World Cup 1978
1978-06-07,Austria,Sweden,1,0,1,World Cup 1978
1978-06-07,Brazil,Spain,0,0,1,World Cup 1978
1978-06-07,Scotland,Iran,1,1,1,World Cup 1978
1978-06-07,Netherlands,Peru,0,0,1,World Cup 1978
1978-06-10,Argentina,Italy,0,1,0,World Cup 1978
1978-06-10,France,Hungary,3,1,1,World Cup 1978
1978-06-10,Poland,Mexico,3,1,1,World Cup 1978
1978-06-10,Germany,Tunisia,0,0,1,World Cup 1978
1978-06-11,Spain,Sweden,1,0,1,World Cup 1978
1978-06-11,Brazil,Austria,1,0,1,World Cup 1978
1978-06-11,Peru,Iran,4,1,1,World Cup 1978
1978-06-11,Scotland,Netherlands,3,2,1,World Cup 1978
1978-06-14,Italy,Germany,0,0,1,World Cup 1978
1978-06-14,Austria,Netherlands,1,5,1,World Cup 1978
1978-06-14,Argentina,Poland,2,0,0,World Cup 1978
1978-06-14,Peru,Brazil,0,3,1,World Cup 1978
1978-06-18,Italy,Austria,1,0,1,World Cup 1978
1978-06-18,Netherlands,Germany,2,2,1,World Cup 1978
1978-06-18,Argentina,Brazil,0,0,0,World Cup 1978
1978-06-18,Peru,Poland,0,1,1,World Cup 1978
1978-06-21,Italy,Netherlands,1,2,1,World Cup 1978
1978-06-21,Austria,Germany,3,2,1,World Cup 1978
1978-06-21,Argentina,Peru,6,0,0,World Cup 1978
1978-06-21,Poland,Brazil,1,3,1,World Cup 1978
1978-06-24,Brazil,Italy,2,1,1,World Cup 1978
1978-06-25,Netherlands,Argentina,1,1,0,World Cup 1978
1982-06-13,Argentina,Belgium,0,1,1,World Cup 1982
1982-06-14,Italy,Poland,0,0,1,World Cup 1982
1982-06-14,Brazil,Soviet Union,2,1,1,World Cup 1982
1982-06-15,Peru,Cameroon,0,0,1,World Cup 1982
1982-06-15,Hungary,El Salvador,10,1,1,World Cup 1982
1982-06-15,Scotland,New Zealand,5,2,1,World Cup 1982
1982-06-16,Germany,Algeria,1,2,1,World Cup 1982
1982-06-16,England,France,3,1,1,World Cup 1982
1982-06-16,Spain,Honduras,1,1,0,World Cup 1982
1982-06-17,Chile,Austria,0,1,1,World Cup 1982
1982-06-17,Czechoslovakia,Kuwait,1,1,1,World Cup 1982
1982-06-17,Yugoslavia,Northern Ireland,0,0,1,World Cup 1982
1982-06-18,Italy,Peru,1,1,1,World Cup 1982
1982-06-18,Argentina,Hungary,4,1,1,World Cup 1982
1982-06-18,Brazil,Scotland,4,1,1,World Cup 1982
1982-06-19,Poland,Cameroon,0,0,1,World Cup 1982
1982-06-19,Belgium,El Salvador,1,0,1,World Cup 1982
1982-06-19,Soviet Union,New Zealand,3,0,1,World Cup 1982
1982-06-20,Germany,Chile,4,1,1,World Cup 1982
1982-06-20,England,Czechoslovakia,2,0,1,World Cup 1982
1982-06-20,Spain,Yugoslavia,2,1,0,World Cup 1982
1982-06-21,Algeria,Austria,0,2,1,World Cup 1982
1982-06-21,France,Kuwait,4,1,1,World Cup 1982
1982-06-21,Honduras,Northern Ireland,1,1,1,World Cup 1982
1982-06-22,Poland,Peru,5,1,1,World Cup 1982
1982-06-22,Belgium,Hungary,1,1,1,World Cup 1982
1982-06-22,Soviet Union,Scotland,2,2,1,World Cup 1982
1982-06-23,Italy,Cameroon,1,1,1,World Cup 1982
1982-06-23,Argentina,El Salvador,2,0,1,World Cup 1982
1982-06-23,Brazil,New Zealand,4,0,1,World Cup 1982
1982-06-24,Algeria,Chile,3,2,1,World Cup 1982
1982-06-24,France,Czechoslovakia,1,1,1,World Cup 1982
1982-06-24,Honduras,Yugoslavia,0,1,1,World Cup 1982
1982-06-25,Germany,Austria,1,0,1,World Cup 1982
1982-06-25,England,Kuwait,1,0,1,World Cup 1982
1982-06-25,Spain,Northern Ireland,0,1,0,World Cup 1982
1982-06-28,Poland,Belgium,3,0,1,World Cup 1982
1982-06-28,Austria,France,0,1,1,World Cup 1982
1982-06-29,Germany,England,0,0,1,World Cup 1982
1982-06-29,Italy,Argentina,2,1,1,World Cup 1982
1982-07-01,Belgium,Soviet Union,0,1,1,World Cup 1982
1982-07-01,Austria,Northern Ireland,2,2,1,World Cup 1982
1982-07-02,Germany,Spain,2,1,0,World Cup 1982
1982-07-02,Argentina,Brazil,1,3,1,World Cup 1982
1982-07-04,Soviet Union,Poland,0,0,1,World Cup 1982
1982-07-04,Northern Ireland,France,1,4,1,World Cup 1982
1982-07-05,Spain,England,0,0,0,World Cup 1982
1982-07-05,Italy,Brazil,3,2,1,World Cup 1982
1982-07-08,Poland,Italy,0,2,1,World Cup 1982
1982-07-08,Germany,France,1,1,1,World Cup 1982
1982-07-10,Poland,France,3,2,1,World Cup 1982
1982-07-11,Italy,Germany,3,1,1,World Cup 1982
1986-05-31,Bulgaria,Italy,1,1,1,World Cup 1986
1986-06-01,Canada,France,0,1,1,World Cup 1986
1986-06-01,Spain,Brazil,0,1,1,World Cup 1986
1986-06-02,Argentina,South Korea,3,1,1,World Cup 1986
1986-06-02,Soviet Union,Hungary,6,0,1,World Cup 1986
1986-06-02,Morocco,Poland,0,0,1,World Cup 1986
1986-06-03,Belgium,Mexico,1,2,0,World Cup 1986
1986-06-03,Algeria,Northern Ireland,1,1,1,World Cup 1986
1986-06-03,Portugal,England,1,0,1,World Cup 1986
1986-06-04,Paraguay,Iraq,1,0,1,World Cup 1986
1986-06-04,Uruguay,Germany,1,1,1,World Cup 1986
1986-06-04,Scotland,Denmark,0,1,1,World Cup 1986
1986-06-05,Italy,Argentina,1,1,1,World Cup 1986
1986-06-05,South Korea,Bulgaria,1,1,1,World Cup 1986
1986-06-05,France,Soviet Union,1,1,1,World Cup 1986
1986-06-06,Hungary,Canada,2,0,1,World Cup 1986
1986-06-06,Brazil,Algeria,1,0,1,World Cup 1986
1986-06-06,England,Morocco,0,0,1,World Cup 1986
1986-06-07,Mexico,Paraguay,1,1,0,World Cup 1986
1986-06-07,Northern Ireland,Spain,1,2,1,World Cup 1986
1986-06-07,Poland,Portugal,1,0,1,World Cup 1986
1986-06-08,Iraq,Belgium,1,2,1,World Cup 1986
1986-06-08,Germany,Scotland,2,1,1,World Cup 1986
1986-06-08,Denmark,Uruguay,6,1,1,World Cup 1986
1986-06-09,Hungary,France,0,3,1,World Cup 1986
1986-06-09,Soviet Union,Canada,2,0,1,World Cup 1986
1986-06-10,South Korea,Italy,2,3,1,World Cup 1986
1986-06-10,Argentina,Bulgaria,2,0,1,World Cup 1986
1986-06-11,Iraq,Mexico,0,1,0,World Cup 1986
1986-06-11,Paraguay,Belgium,2,2,1,World Cup 1986
1986-06-11,Portugal,Morocco,1,3,1,World Cup 1986
1986-06-11,England,Poland,3,0,1,World Cup 1986
1986-06-12,Northern Ireland,Brazil,0,3,1,World Cup 1986
1986-06-12,Algeria,Spain,0,3,1,World Cup 1986
1986-06-13,Denmark,Germany,2,0,1,World Cup 1986
1986-06-13,Scotland,Uruguay,0,0,1,World Cup 1986
1986-06-15,Mexico,Bulgaria,2,0,0,World Cup 1986
1986-06-15,Soviet Union,Belgium,2,2,1,World Cup 1986
1986-06-16,Argentina,Uruguay,1,0,1,World Cup 1986
1986-06-16,Brazil,Poland,4,0,1,World Cup 1986
1986-06-17,Italy,France,0,2,1,World Cup 1986
1986-06-17,Morocco,Germany,0,1,1,World Cup 1986
1986-06-18,England,Paraguay,3,0,1,World Cup 1986
1986-06-18,Denmark,Spain,1,5,1,World Cup 1986
1986-06-21,Brazil,France,1,1,1,World Cup 1986
1986-06-21,Germany,Mexico,0,0,0,World Cup 1986
1986-06-22,Spain,Belgium,1,1,1,World Cup 1986
1986-06-22,Argentina,England,2,1,1,World Cup 1986
1986-06-25,Argentina,Belgium,2,0,1,World Cup 1986
1986-06-25,France,Germany,0,2,1,World Cup 1986
1986-06-28,France,Belgium,2,2,1,World Cup 1986
1986-06-29,Argentina,Germany,3,2,1,World Cup 1986
1990-06-08,Argentina,Cameroon,0,1,1,World Cup 1990
1990-06-09,Italy,Austria,1,0,0,World Cup 1990
1990-06-09,Soviet Union,Romania,0,2,1,World Cup 1990
1990-06-09,United Arab Emirates,Colombia,0,2,1,World Cup 1990
1990-06-10,USA,Czechoslovakia,1,5,1,World Cup 1990
1990-06-10,Brazil,Sweden,2,1,1,World Cup 1990
1990-06-10,Germany,Yugoslavia,4,1,1,World Cup 1990
1990-06-11,Costa Rica,Scotland,1,0,1,World Cup 1990
1990-06-11,England,Ireland,1,1,1,World Cup 1990
1990-06-12,Belgium,South Korea,2,0,1,World Cup 1990
1990-06-12,Netherlands,Egypt,1,1,1,World Cup 1990
1990-06-13,Argentina,Soviet Union,2,0,1,World Cup 1990
1990-06-13,Uruguay,Spain,0,0,1,World Cup 1990
1990-06-14,Italy,USA,1,0,0,World Cup 1990
1990-06-14,Cameroon,Romania,2,1,1,World Cup 1990
1990-06-14,Yugoslavia,Colombia,1,0,1,World Cup 1990
1990-06-15,Austria,Czechoslovakia,0,1,1,World Cup 1990
1990-06-15,Germany,United Arab Emirates,5,1,1,World Cup 1990
1990-06-16,Brazil,Costa Rica,1,0,1,World Cup 1990
1990-06-16,Sweden,Scotland,1,2,1,World Cup 1990
1990-06-16,England,Netherlands,0,0,1,World Cup 1990
1990-06-17,Belgium,Uruguay,3,1,1,World Cup 1990
1990-06-17,South Korea,Spain,1,3,1,World Cup 1990
1990-06-17,Ireland,Egypt,0,0,1,World Cup 1990
1990-06-18,Argentina,Romania,1,1,1,World Cup 1990
1990-06-18,Cameroon,Soviet Union,0,4,1,World Cup 1990
1990-06-19,Italy,Czechoslovakia,2,0,0,World Cup 1990
1990-06-19,Austria,USA,2,1,1,World Cup 1990
1990-06-19,Germany,Colombia,1,1,1,World Cup 1990
1990-06-19,Yugoslavia,United Arab Emirates,4,1,1,World Cup 1990
1990-06-20,Brazil,Scotland,1,0,1,World Cup 1990
1990-06-20,Sweden,Costa Rica,1,2,1,World Cup 1990
1990-06-21,Belgium,Spain,1,2,1,World Cup 1990
1990-06-21,South Korea,Uruguay,0,1,1,World Cup 1990
1990-06-21,England,Egypt,1,0,1,World Cup 1990
1990-06-21,Ireland,Netherlands,1,1,1,World Cup 1990
1990-06-23,Cameroon,Colombia,0,0,1,World Cup 1990
1990-06-23,Czechoslovakia,Costa Rica,4,1,1,World Cup 1990
1990-06-24,Brazil,Argentina,0,1,1,World Cup 1990
1990-06-24,Germany,Netherlands,2,1,1,World Cup 1990
1990-06-25,Ireland,Romania,0,0,1,World Cup 1990
1990-06-25,Italy,Uruguay,2,0,0,World Cup 1990
1990-06-26,Spain,Yugoslavia,1,1,1,World Cup 1990
1990-06-26,England,Belgium,0,0,1,World Cup 1990
1990-06-30,Yugoslavia,Argentina,0,0,1,World Cup 1990
1990-06-30,Italy,Ireland,1,0,0,World Cup 1990
1990-07-01,Germany,Czechoslovakia,1,0,1,World Cup 1990
1990-07-01,England,Cameroon,2,2,1,World Cup 1990
1990-07-03,Italy,Argentina,1,1,0,World Cup 1990
1990-07-04,Germany,England,1,1,1,World Cup 1990
1990-07-07,Italy,England,2,1,0,World Cup 1990
1990-07-08,Germany,Argentina,1,0,1,World Cup 1990
1994-06-17,Germany,Bolivia,1,0,1,World Cup 1994
1994-06-17,Spain,South Korea,2,2,1,World Cup 1994
1994-06-18,USA,Switzerland,1,1,0,World Cup 1994
1994-06-18,Colombia,Romania,1,3,1,World Cup 1994
1994-06-18,Italy,Ireland,0,1,1,World Cup 1994
1994-06-19,Cameroon,Sweden,2,2,1,World Cup 1994
1994-06-19,Norway,Mexico,1,0,1,World Cup 1994
1994-06-19,Belgium,Morocco,1,0,1,World Cup 1994
1994-06-20,Brazil,Russia,2,0,1,World Cup 1994
1994-06-20,Netherlands,Saudi Arabia,2,1,1,World Cup 1994
1994-06-21,Germany,Spain,1,1,1,World Cup 1994
1994-06-21,Argentina,Greece,4,0,1,World Cup 1994
1994-06-21,Nigeria,Bulgaria,3,0,1,World Cup 1994
1994-06-22,Romania,Switzerland,1,4,1,World Cup 1994
1994-06-22,USA,Colombia,2,1,0,World Cup 1994
1994-06-23,South Korea,Bolivia,0,0,1,World Cup 1994
1994-06-23,Italy,Norway,1,0,1,World Cup 1994
1994-06-24,Brazil,Cameroon,3,0,1,World Cup 1994
1994-06-24,Sweden,Russia,3,1,1,World Cup 1994
1994-06-24,Mexico,Ireland,2,1,1,World Cup 1994
1994-06-25,Argentina,Nigeria,2,1,1,World Cup 1994
1994-06-25,Belgium,Netherlands,1,0,1,World Cup 1994
1994-06-25,Saudi Arabia,Morocco,2,1,1,World Cup 1994
1994-06-26,USA,Romania,0,1,0,World Cup 1994
1994-06-26,Switzerland,Colombia,0,2,1,World Cup 1994
1994-06-26,Greece,Bulgaria,0,4,1,World Cup 1994
1994-06-27,Bolivia,Spain,1,3,1,World Cup 1994
1994-06-27,Germany,South Korea,3,2,1,World Cup 1994
1994-06-28,Russia,Cameroon,6,1,1,World Cup 1994
1994-06-28,Brazil,Sweden,1,1,1,World Cup 1994
1994-06-28,Ireland,Norway,0,0,1,World Cup 1994
1994-06-28,Italy,Mexico,1,1,1,World Cup 1994
1994-06-29,Morocco,Netherlands,1,2,1,World Cup 1994
1994-06-29,Belgium,Saudi Arabia,0,1,1,World Cup 1994
1994-06-30,Greece,Nigeria,0,2,1,World Cup 1994
1994-06-30,Argentina,Bulgaria,0,2,1,World Cup 1994
1994-07-02,Germany,Belgium,3,2,1,World Cup 1994
1994-07-02,Spain,Switzerland,3,0,1,World Cup 1994
1994-07-03,Saudi Arabia,Sweden,1,3,1,World Cup 1994
1994-07-03,Romania,Argentina,3,2,1,World Cup 1994
1994-07-04,Netherlands,Ireland,2,0,1,World Cup 1994
1994-07-04,Brazil,USA,1,0,0,World Cup 1994
1994-07-05,Nigeria,Italy,1,1,1,World Cup 1994
1994-07-05,Mexico,Bulgaria,1,1,1,World Cup 1994
1994-07-09,Italy,Spain,2,1,1,World Cup 1994
1994-07-09,Netherlands,Brazil,2,3,1,World Cup 1994
1994-07-10,Bulgaria,Germany,2,1,1,World Cup 1994
1994-07-10,Romania,Sweden,1,1,1,World Cup 1994
1994-07-13,Bulgaria,Italy,1,2,1,World Cup 1994
1994-07-13,Sweden,Brazil,0,1,1,World Cup 1994
1994-07-16,Sweden,Bulgaria,4,0,1,World Cup 1994
1994-07-17,Brazil,Italy,0,0,1,World Cup 1994
1998-06-10,Brazil,Scotland,2,1,1,World Cup 1998
1998-06-10,Morocco,Norway,2,2,1,World Cup 1998
1998-06-11,Cameroon,Austria,1,1,1,World Cup 1998
1998-06-11,Italy,Chile,2,2,1,World Cup 1998
1998-06-12,Saudi Arabia,Denmark,0,1,1,World Cup 1998
1998-06-12,France,South Africa,3,0,0,World Cup 1998
1998-06-12,Paraguay,Bulgaria,0,0,1,World Cup 1998
1998-06-13,Spain,Nigeria,2,3,1,World Cup 1998
1998-06-13,Netherlands,Belgium,0,0,1,World Cup 1998
1998-06-13,South Korea,Mexico,1,3,1,World Cup 1998
1998-06-14,Yugoslavia,Iran,1,0,1,World Cup 1998
1998-06-14,Jamaica,Croatia,1,3,1,World Cup 1998
1998-06-14,Argentina,Japan,1,0,1,World Cup 1998
1998-06-15,Germany,USA,2,0,1,World Cup 1998
1998-06-15,Romania,Colombia,1,0,1,World Cup 1998
1998-06-15,England,Tunisia,2,0,1,World Cup 1998
1998-06-16,Scotland,Norway,1,1,1,World Cup 1998
1998-06-16,Brazil,Morocco,3,0,1,World Cup 1998
1998-06-17,Chile,Austria,1,1,1,World Cup 1998
1998-06-17,Italy,Cameroon,3,0,1,World Cup 1998
1998-06-18,France,Saudi Arabia,4,0,0,World Cup 1998
1998-06-18,South Africa,Denmark,1,1,1,World Cup 1998
1998-06-19,Nigeria,Bulgaria,1,0,1,World Cup 1998
1998-06-19,Spain,Paraguay,0,0,1,World Cup 1998
1998-06-20,Netherlands,South Korea,5,0,1,World Cup 1998
1998-06-20,Belgium,Mexico,2,2,1,World Cup 1998
1998-06-20,Japan,Croatia,0,1,1,World Cup 1998
1998-06-21,Germany,Yugoslavia,2,2,1,World Cup 1998
1998-06-21,USA,Iran,1,2,1,World Cup 1998
1998-06-21,Argentina,Jamaica,5,0,1,World Cup 1998
1998-06-22,Colombia,Tunisia,1,0,1,World Cup 1998
1998-06-22,Romania,England,2,1,1,World Cup 1998
1998-06-23,Scotland,Morocco,0,3,1,World Cup 1998
1998-06-23,Brazil,Norway,1,2,1,World Cup 1998
1998-06-23,Italy,Austria,2,1,1,World Cup 1998
1998-06-23,Chile,Cameroon,1,1,1,World Cup 1998
1998-06-24,France,Denmark,2,1,0,World Cup 1998
1998-06-24,South Africa,Saudi Arabia,2,2,1,World Cup 1998
1998-06-24,Spain,Bulgaria,6,1,1,World Cup 1998
1998-06-24,Nigeria,Paraguay,1,3,1,World Cup 1998
1998-06-25,Belgium,South Korea,1,1,1,World Cup 1998
1998-06-25,Netherlands,Mexico,2,2,1,World Cup 1998
1998-06-25,Germany,Iran,2,0,1,World Cup 1998
1998-06-25,USA,Yugoslavia,0,1,1,World Cup 1998
1998-06-26,Romania,Tunisia,1,1,1,World Cup 1998
1998-06-26,Colombia,England,0,2,1,World Cup 1998
1998-06-26,Japan,Jamaica,1,2,1,World Cup 1998
1998-06-26,Argentina,Croatia,1,0,1,World Cup 1998
1998-06-27,Brazil,Chile,4,1,1,World Cup 1998
1998-06-27,Italy,Norway,1,0,1,World Cup 1998
1998-06-28,Nigeria,Denmark,1,4,1,World Cup 1998
1998-06-28,France,Paraguay,0,0,0,World Cup 1998
1998-06-29,Germany,Mexico,2,1,1,World Cup 1998
1998-06-29,Netherlands,Yugoslavia,2,1,1,World Cup 1998
1998-06-30,Argentina,England,2,2,1,World Cup 1998
1998-06-30,Romania,Croatia,0,1,1,World Cup 1998
1998-07-03,Italy,France,0,0,0,World Cup 1998
1998-07-03,Brazil,Denmark,3,2,1,World Cup 1998
1998-07-04,Germany,Croatia,0,3,1,World Cup 1998
1998-07-04,Netherlands,Argentina,2,1,1,World Cup 1998
1998-07-07,Brazil,Netherlands,1,1,1,World Cup 1998
1998-07-08,France,Croatia,2,1,0,World Cup 1998
1998-07-11,Netherlands,Croatia,1,2,1,World Cup 1998
1998-07-12,Brazil,France,0,3,0,World Cup 1998
2002-05-31,France,Senegal,0,1,1,World Cup 2002
2002-06-01,Uruguay,Denmark,1,2,1,World Cup 2002
2002-06-01,Ireland,Cameroon,1,1,1,World Cup 2002
2002-06-01,Germany,Saudi Arabia,8,0,1,World Cup 2002
2002-06-02,Paraguay,South Africa,2,2,1,World Cup 2002
2002-06-02,Spain,Slovenia,3,1,1,World Cup 2002
2002-06-02,England,Sweden,1,1,1,World Cup 2002
2002-06-02,Argentina,Nigeria,1,0,1,World Cup 2002
2002-06-03,Brazil,Turkey,2,1,1,World Cup 2002
2002-06-03,Croatia,Mexico,0,1,1,World Cup 2002
2002-06-03,Italy,Ecuador,2,0,1,World Cup 2002
2002-06-04,China,Costa Rica,0,2,1,World Cup 2002
2002-06-04,South Korea,Poland,2,0,0,World Cup 2002
2002-06-04,Japan,Belgium,2,2,0,World Cup 2002
2002-06-05,USA,Portugal,3,2,1,World Cup 2002
2002-06-05,Germany,Ireland,1,1,1,World Cup 2002
2002-06-05,Russia,Tunisia,2,0,1,World Cup 2002
2002-06-06,France,Uruguay,0,0,1,World Cup 2002
2002-06-06,Denmark,Senegal,1,1,1,World Cup 2002
2002-06-06,Cameroon,Saudi Arabia,1,0,1,World Cup 2002
2002-06-07,Spain,Paraguay,3,1,1,World Cup 2002
2002-06-07,Sweden,Nigeria,2,1,1,World Cup 2002
2002-06-07,Argentina,England,0,1,1,World Cup 2002
2002-06-08,South Africa,Slovenia,1,0,1,World Cup 2002
2002-06-08,Brazil,China,4,0,1,World Cup 2002
2002-06-08,Italy,Croatia,1,2,1,World Cup 2002
2002-06-09,Costa Rica,Turkey,1,1,1,World Cup 2002
2002-06-09,Mexico,Ecuador,2,1,1,World Cup 2002
2002-06-09,Japan,Russia,1,0,0,World Cup 2002
2002-06-10,South Korea,USA,1,1,0,World Cup 2002
2002-06-10,Portugal,Poland,4,0,1,World Cup 2002
2002-06-10,Tunisia,Belgium,1,1,1,World Cup 2002
2002-06-11,Denmark,France,2,0,1,World Cup 2002
2002-06-11,Senegal,Uruguay,3,3,1,World Cup 2002
2002-06-11,Cameroon,Germany,0,2,1,World Cup 2002
2002-06-11,Saudi Arabia,Ireland,0,3,1,World Cup 2002
2002-06-12,South Africa,Spain,2,3,1,World Cup 2002
2002-06-12,Slovenia,Paraguay,1,3,1,World Cup 2002
2002-06-12,Sweden,Argentina,1,1,1,World Cup 2002
2002-06-12,Nigeria,England,0,0,1,World Cup 2002
2002-06-13,Costa Rica,Brazil,2,5,1,World Cup 2002
2002-06-13,Turkey,China,3,0,1,World Cup 2002
2002-06-13,Mexico,Italy,1,1,1,World Cup 2002
2002-06-13,Ecuador,Croatia,1,0,1,World Cup 2002
2002-06-14,Portugal,South Korea,0,1,0,World Cup 2002
2002-06-14,Poland,USA,3,1,1,World Cup 2002
2002-06-14,Tunisia,Japan,0,2,0,World Cup 2002
2002-06-14,Belgium,Russia,3,2,1,World Cup 2002
2002-06-15,Germany,Paraguay,1,0,1,World Cup 2002
2002-06-15,Denmark,England,0,3,1,World Cup 2002
2002-06-16,Sweden,Senegal,1,1,1,World Cup 2002
2002-06-16,Spain,Ireland,1,1,1,World Cup 2002
2002-06-17,Mexico,USA,0,2,1,World Cup 2002
2002-06-17,Brazil,Belgium,2,0,1,World Cup 2002
2002-06-18,Japan,Turkey,0,1,0,World Cup 2002
2002-06-18,South Korea,Italy,1,1,0,World Cup 2002
2002-06-21,England,Brazil,1,2,1,World Cup 2002
2002-06-21,Germany,USA,1,0,1,World Cup 2002
2002-06-22,Spain,South Korea,0,0,0,World Cup 2002
2002-06-22,Senegal,Turkey,0,0,1,World Cup 2002
2002-06-25,Germany,South Korea,1,0,0,World Cup 2002
2002-06-26,Brazil,Turkey,1,0,1,World Cup 2002
2002-06-29,South Korea,Turkey,2,3,0,World Cup 2002
2002-06-30,Germany,Brazil,0,2,1,World Cup 2002
2006-06-09,Germany,Costa Rica,4,2,0,World Cup 2006
2006-06-09,Poland,Ecuador,0,2,1,World Cup 2006
2006-06-10,England,Paraguay,1,0,1,World Cup 2006
2006-06-10,Trinidad and Tobago,Sweden,0,0,1,World Cup 2006
2006-06-10,Argentina,Ivory Coast,2,1,1,World Cup 2006
2006-06-11,Serbia and Montenegro,Netherlands,0,1,1,World Cup 2006
2006-06-11,Mexico,Iran,3,1,1,World Cup 2006
2006-06-11,Angola,Portugal,0,1,1,World Cup 2006
2006-06-12,Italy,Ghana,2,0,1,World Cup 2006
2006-06-12,USA,Czech Republic,0,3,1,World Cup 2006
2006-06-12,Australia,Japan,3,1,1,World Cup 2006
2006-06-13,Brazil,Croatia,1,0,1,World Cup 2006
2006-06-13,France,Switzerland,0,0,1,World Cup 2006
2006-06-13,South Korea,Togo,2,1,1,World Cup 2006
2006-06-14,Germany,Poland,1,0,0,World Cup 2006
2006-06-14,Spain,Ukraine,4,0,1,World Cup 2006
2006-06-14,Tunisia,Saudi Arabia,2,2,1,World Cup 2006
2006-06-15,Ecuador,Costa Rica,3,0,1,World Cup 2006
2006-06-15,England,Trinidad and Tobago,2,0,1,World Cup 2006
2006-06-15,Sweden,Paraguay,1,0,1,World Cup 2006
2006-06-16,Argentina,Serbia and Montenegro,6,0,1,World Cup 2006
2006-06-16,Netherlands,Ivory Coast,2,1,1,World Cup 2006
2006-06-16,Mexico,Angola,0,0,1,World Cup 2006
2006-06-17,Portugal,Iran,2,0,1,World Cup 2006
2006-06-17,Italy,USA,1,1,1,World Cup 2006
2006-06-17,Czech Republic,Ghana,0,2,1,World Cup 2006
2006-06-18,Brazil,Australia,2,0,1,World Cup 2006
2006-06-18,Japan,Croatia,0,0,1,World Cup 2006
2006-06-18,France,South Korea,1,1,1,World Cup 2006
2006-06-19,Togo,Switzerland,0,2,1,World Cup 2006
2006-06-19,Spain,Tunisia,3,1,1,World Cup 2006
2006-06-19,Saudi Arabia,Ukraine,0,4,1,World Cup 2006
2006-06-20,Ecuador,Germany,0,3,0,World Cup 2006
2006-06-20,Costa Rica,Poland,1,2,1,World Cup 2006
2006-06-20,Sweden,England,2,2,1,World Cup 2006
2006-06-20,Paraguay,Trinidad and Tobago,2,0,1,World Cup 2006
2006-06-21,Netherlands,Argentina,0,0,1,World Cup 2006
2006-06-21,Ivory Coast,Serbia and Montenegro,3,2,1,World Cup 2006
2006-06-21,Portugal,Mexico,2,1,1,World Cup 2006
2006-06-21,Iran,Angola,1,1,1,World Cup 2006
2006-06-22,Czech Republic,Italy,0,2,1,World Cup 2006
2006-06-22,Ghana,USA,2,1,1,World Cup 2006
2006-06-22,Japan,Brazil,1,4,1,World Cup 2006
2006-06-22,Croatia,Australia,2,2,1,World Cup 2006
2006-06-23,Togo,France,0,2,1,World Cup 2006
2006-06-23,Switzerland,South Korea,2,0,1,World Cup 2006
2006-06-23,Saudi Arabia,Spain,0,1,1,World Cup 2006
2006-06-23,Ukraine,Tunisia,1,0,1,World Cup 2006
2006-06-24,Germany,Sweden,2,0,0,World Cup 2006
2006-06-24,Argentina,Mexico,1,1,1,World Cup 2006
2006-06-25,England,Ecuador,1,0,1,World Cup 2006
2006-06-25,Portugal,Netherlands,1,0,1,World Cup 2006
2006-06-26,Italy,Australia,1,0,1,World Cup 2006
2006-06-26,Switzerland,Ukraine,0,0,1,World Cup 2006
2006-06-27,Brazil,Ghana,3,0,1,World Cup 2006
2006-06-27,Spain,France,1,3,1,World Cup 2006
2006-06-30,Germany,Argentina,1,1,0,World Cup 2006
2006-06-30,Italy,Ukraine,3,0,1,World Cup 2006
2006-07-01,England,Portugal,0,0,1,World Cup 2006
2006-07-01,Brazil,France,0,1,1,World Cup 2006
2006-07-04,Germany,Italy,0,0,0,World Cup 2006
2006-07-05,Portugal,France,0,1,1,World Cup 2006
2006-07-08,Germany,Portugal,3,1,0,World Cup 2006
2006-07-09,Italy,France,1,1,1,World Cup 2006
2010-06-11,South Africa,Mexico,1,1,0,World Cup 2010
2010-06-11,Uruguay,France,0,0,1,World Cup 2010
2010-06-12,South Korea,Greece,2,0,1,World Cup 2010
2010-06-12,Argentina,Nigeria,1,0,1,World Cup 2010
2010-06-12,England,USA,1,1,1,World Cup 2010
2010-06-13,Algeria,Slovenia,0,1,1,World Cup 2010
2010-06-13,Serbia,Ghana,0,1,1,World Cup 2010
2010-06-13,Germany,Australia,4,0,1,World Cup 2010
2010-06-14,Netherlands,Denmark,2,0,1,World Cup 2010
2010-06-14,Japan,Cameroon,1,0,1,World Cup 2010
2010-06-14,Italy,Paraguay,1,1,1,World Cup 2010
2010-06-15,New Zealand,Slovakia,1,1,1,World Cup 2010
2010-06-15,Ivory Coast,Portugal,0,0,1,World Cup 2010
2010-06-15,Brazil,North Korea,2,1,1,World Cup 2010
2010-06-16,South Africa,Uruguay,0,3,0,World Cup 2010
2010-06-16,Honduras,Chile,0,1,1,World Cup 2010
2010-06-16,Spain,Switzerland,0,1,1,World Cup 2010
2010-06-17,France,Mexico,0,2,1,World Cup 2010
2010-06-17,Argentina,South Korea,4,1,1,World Cup 2010
2010-06-17,Greece,Nigeria,2,1,1,World Cup 2010
2010-06-18,Slovenia,USA,2,2,1,World Cup 2010
2010-06-18,England,Algeria,0,0,1,World Cup 2010
2010-06-18,Germany,Serbia,0,1,1,World Cup 2010
2010-06-19,Ghana,Australia,1,1,1,World Cup 2010
2010-06-19,Netherlands,Japan,1,0,1,World Cup 2010
2010-06-19,Cameroon,Denmark,1,2,1,World Cup 2010
2010-06-20,Slovakia,Paraguay,0,2,1,World Cup 2010
2010-06-20,Italy,New Zealand,1,1,1,World Cup 2010
2010-06-20,Brazil,Ivory Coast,3,1,1,World Cup 2010
2010-06-21,Portugal,North Korea,7,0,1,World Cup 2010
2010-06-21,Chile,Switzerland,1,0,1,World Cup 2010
2010-06-21,Spain,Honduras,2,0,1,World Cup 2010
2010-06-22,Mexico,Uruguay,0,1,1,World Cup 2010
2010-06-22,France,South Africa,1,2,0,World Cup 2010
2010-06-22,Nigeria,South Korea,2,2,1,World Cup 2010
2010-06-22,Greece,Argentina,0,2,1,World Cup 2010
2010-06-23,USA,Algeria,1,0,1,World Cup 2010
2010-06-23,Slovenia,England,0,1,1,World Cup 2010
2010-06-23,Australia,Serbia,2,1,1,World Cup 2010
2010-06-23,Ghana,Germany,0,1,1,World Cup 2010
2010-06-24,Denmark,Japan,1,3,1,World Cup 2010
2010-06-24,Cameroon,Netherlands,1,2,1,World Cup 2010
2010-06-24,Slovakia,Italy,3,2,1,World Cup 2010
2010-06-24,Paraguay,New Zealand,0,0,1,World Cup 2010
2010-06-25,Portugal,Brazil,0,0,1,World Cup 2010
2010-06-25,North Korea,Ivory Coast,0,3,1,World Cup 2010
2010-06-25,Chile,Spain,1,2,1,World Cup 2010
2010-06-25,Switzerland,Honduras,0,0,1,World Cup 2010
2010-06-26,Uruguay,South Korea,2,1,1,World Cup 2010
2010-06-26,USA,Ghana,1,1,1,World Cup 2010
2010-06-27,Germany,England,4,1,1,World Cup 2010
2010-06-27,Argentina,Mexico,3,1,1,World Cup 2010
2010-06-28,Netherlands,Slovakia,2,1,1,World Cup 2010
2010-06-28,Brazil,Chile,3,0,1,World Cup 2010
2010-06-29,Paraguay,Japan,0,0,1,World Cup 2010
2010-06-29,Spain,Portugal,1,0,1,World Cup 2010
2010-07-02,Netherlands,Brazil,2,1,1,World Cup 2010
2010-07-02,Uruguay,Ghana,1,1,1,World Cup 2010
2010-07-03,Argentina,Germany,0,4,1,World Cup 2010
2010-07-03,Paraguay,Spain,0,1,1,World Cup 2010
2010-07-06,Uruguay,Netherlands,2,3,1,World Cup 2010
2010-07-07,Germany,Spain,0,1,1,World Cup 2010
2010-07-10,Uruguay,Germany,2,3,1,World Cup 2010
2010-07-11,Netherlands,Spain,0,0,1,World Cup 2010
2014-06-12,Brazil,Croatia,3,1,0,World Cup 2014
2014-06-13,Mexico,Cameroon,1,0,1,World Cup 2014
2014-06-13,Spain,Netherlands,1,5,1,World Cup 2014
2014-06-13,Chile,Australia,3,1,1,World Cup 2014
2014-06-14,Colombia,Greece,3,0,1,World Cup 2014
2014-06-14,Ivory Coast,Japan,2,1,1,World Cup 2014
2014-06-14,Uruguay,Costa Rica,1,3,1,World Cup 2014
2014-06-14,England,Italy,1,2,1,World Cup 2014
2014-06-15,Switzerland,Ecuador,2,1,1,World Cup 2014
2014-06-15,France,Honduras,3,0,1,World Cup 2014
2014-06-15,Argentina,Bosnia & Herzegovina,2,1,1,World Cup 2014
2014-06-16,Iran,Nigeria,0,0,1,World Cup 2014
2014-06-16,Germany,Portugal,4,0,1,World Cup 2014
2014-06-16,Ghana,USA,1,2,1,World Cup 2014
2014-06-17,Brazil,Mexico,0,0,0,World Cup 2014
2014-06-17,Belgium,Algeria,2,1,1,World Cup 2014
2014-06-17,Russia,South Korea,1,1,1,World Cup 2014
2014-06-18,Cameroon,Croatia,0,4,1,World Cup 2014
2014-06-18,Australia,Netherlands,2,3,1,World Cup 2014
2014-06-18,Spain,Chile,0,2,1,World Cup 2014
2014-06-19,Colombia,Ivory Coast,2,1,1,World Cup 2014
2014-06-19,Japan,Greece,0,0,1,World Cup 2014
2014-06-19,Uruguay,England,2,1,1,World Cup 2014
2014-06-20,Italy,Costa Rica,0,1,1,World Cup 2014
2014-06-20,Switzerland,France,2,5,1,World Cup 2014
2014-06-20,Honduras,Ecuador,1,2,1,World Cup 2014
2014-06-21,Argentina,Iran,1,0,1,World Cup 2014
2014-06-21,Nigeria,Bosnia & Herzegovina,1,0,1,World Cup 2014
2014-06-21,Germany,Ghana,2,2,1,World Cup 2014
2014-06-22,USA,Portugal,2,2,1,World Cup 2014
2014-06-22,Belgium,Russia,1,0,1,World Cup 2014
2014-06-22,South Korea,Algeria,2,4,1,World Cup 2014
2014-06-23,Cameroon,Brazil,1,4,0,World Cup 2014
2014-06-23,Croatia,Mexico,1,3,1,World Cup 2014
2014-06-23,Australia,Spain,0,3,1,World Cup 2014
2014-06-23,Netherlands,Chile,2,0,1,World Cup 2014
2014-06-24,Japan,Colombia,1,4,1,World Cup 2014
2014-06-24,Greece,Ivory Coast,2,1,1,World Cup 2014
2014-06-24,Italy,Uruguay,0,1,1,World Cup 2014
2014-06-24,Costa Rica,England,0,0,1,World Cup 2014
2014-06-25,Honduras,Switzerland,0,3,1,World Cup 2014
2014-06-25,Ecuador,France,0,0,1,World Cup 2014
2014-06-25,Nigeria,Argentina,2,3,1,World Cup 2014
2014-06-25,Bosnia & Herzegovina,Iran,3,1,1,World Cup 2014
2014-06-26,USA,Germany,0,1,1,World Cup 2014
2014-06-26,Portugal,Ghana,2,1,1,World Cup 2014
2014-06-26,South Korea,Belgium,0,1,1,World Cup 2014
2014-06-26,Algeria,Russia,1,1,1,World Cup 2014
2014-06-28,Brazil,Chile,1,1,0,World Cup 2014
2014-06-28,Colombia,Uruguay,2,0,1,World Cup 2014
2014-06-29,Netherlands,Mexico,2,1,1,World Cup 2014
2014-06-29,Costa Rica,Greece,1,1,1,World Cup 2014
2014-06-30,France,Nigeria,2,0,1,World Cup 2014
2014-06-30,Germany,Algeria,0,0,1,World Cup 2014
2014-07-01,Argentina,Switzerland,0,0,1,World Cup 2014
2014-07-01,Belgium,USA,0,0,1,World Cup 2014
2014-07-04,France,Germany,0,1,1,World Cup 2014
2014-07-04,Brazil,Colombia,2,1,0,World Cup 2014
2014-07-05,Argentina,Belgium,1,0,1,World Cup 2014
2014-07-05,Netherlands,Costa Rica,0,0,1,World Cup 2014
2014-07-08,Brazil,Germany,1,7,0,World Cup 2014
2014-07-09,Netherlands,Argentina,0,0,1,World Cup 2014
2014-07-12,Brazil,Netherlands,0,3,0,World Cup 2014
2014-07-13,Germany,Argentina,0,0,1,World Cup 2014
2018-06-14,Russia,Saudi Arabia,5,0,0,World Cup 2018
2018-06-15,Egypt,Uruguay,0,1,1,World Cup 2018
2018-06-15,Morocco,Iran,0,1,1,World Cup 2018
2018-06-15,Portugal,Spain,3,3,1,World Cup 2018
2018-06-16,France,Australia,2,1,1,World Cup 2018
2018-06-16,Peru,Denmark,0,1,1,World Cup 2018
2018-06-16,Argentina,Iceland,1,1,1,World Cup 2018
2018-06-16,Croatia,Nigeria,2,0,1,World Cup 2018
2018-06-17,Costa Rica,Serbia,0,1,1,World Cup 2018
2018-06-17,Brazil,Switzerland,1,1,1,World Cup 2018
2018-06-17,Germany,Mexico,0,1,1,World Cup 2018
2018-06-18,Sweden,South Korea,1,0,1,World Cup 2018
2018-06-18,Belgium,Panama,3,0,1,World Cup 2018
2018-06-18,Tunisia,England,1,2,1,World Cup 2018
2018-06-19,Russia,Egypt,3,1,0,World Cup 2018
2018-06-19,Colombia,Japan,1,2,1,World Cup 2018
2018-06-19,Poland,Senegal,1,2,1,World Cup 2018
2018-06-20,Uruguay,Saudi Arabia,1,0,1,World Cup 2018
2018-06-20,Portugal,Morocco,1,0,1,World Cup 2018
2018-06-20,Iran,Spain,0,1,1,World Cup 2018
2018-06-21,Denmark,Australia,1,1,1,World Cup 2018
2018-06-21,France,Peru,1,0,1,World Cup 2018
2018-06-21,Argentina,Croatia,0,3,1,World Cup 2018
2018-06-22,Nigeria,Iceland,2,0,1,World Cup 2018
2018-06-22,Brazil,Costa Rica,2,0,1,World Cup 2018
2018-06-22,Serbia,Switzerland,1,2,1,World Cup 2018
2018-06-23,South Korea,Mexico,1,2,1,World Cup 2018
2018-06-23,Germany,Sweden,2,1,1,World Cup 2018
2018-06-23,Belgium,Tunisia,5,2,1,World Cup 2018
2018-06-24,England,Panama,6,1,1,World Cup 2018
2018-06-24,Japan,Senegal,2,2,1,World Cup 2018
2018-06-24,Poland,Colombia,0,3,1,World Cup 2018
2018-06-25,Uruguay,Russia,3,0,0,World Cup 2018
2018-06-25,Saudi Arabia,Egypt,2,1,1,World Cup 2018
2018-06-25,Iran,Portugal,1,1,1,World Cup 2018
2018-06-25,Spain,Morocco,2,2,1,World Cup 2018
2018-06-26,Denmark,France,0,0,1,World Cup 2018
2018-06-26,Australia,Peru,0,2,1,World Cup 2018
2018-06-26,Nigeria,Argentina,1,2,1,World Cup 2018
2018-06-26,Iceland,Croatia,1,2,1,World Cup 2018
2018-06-27,Serbia,Brazil,0,2,1,World Cup 2018
2018-06-27,Switzerland,Costa Rica,2,2,1,World Cup 2018
2018-06-27,South Korea,Germany,2,0,1,World Cup 2018
2018-06-27,Mexico,Sweden,0,3,1,World Cup 2018
2018-06-28,England,Belgium,0,1,1,World Cup 2018
2018-06-28,Panama,Tunisia,1,2,1,World Cup 2018
2018-06-28,Japan,Poland,0,1,1,World Cup 2018
2018-06-28,Senegal,Colombia,0,1,1,World Cup 2018
2018-06-30,France,Argentina,4,3,1,World Cup 2018
2018-06-30,Uruguay,Portugal,2,1,1,World Cup 2018
2018-07-01,Spain,Russia,1,1,0,World Cup 2018
2018-07-01,Croatia,Denmark,1,1,1,World Cup 2018
2018-07-02,Brazil,Mexico,2,0,1,World Cup 2018
2018-07-02,Belgium,Japan,3,2,1,World Cup 2018
2018-07-03,Sweden,Switzerland,1,0,1,World Cup 2018
2018-07-03,Colombia,England,1,1,1,World Cup 2018
2018-07-06,Uruguay,France,0,2,1,World Cup 2018
2018-07-06,Brazil,Belgium,1,2,1,World Cup 2018
2018-07-07,Sweden,England,0,2,1,World Cup 2018
2018-07-07,Russia,Croatia,1,1,0,World Cup 2018
2018-07-10,France,Belgium,1,0,1,World Cup 2018
2018-07-11,Croatia,England,1,1,1,World Cup 2018
2018-07-14,Belgium,England,2,0,1,World Cup 2018
2018-07-15,France,Croatia,4,2,1,World Cup 2018
2022-11-20,Qatar,Ecuador,0,2,0,World Cup 2022
2022-11-21,Senegal,Netherlands,0,2,1,World Cup 2022
2022-11-21,England,Iran,6,2,1,World Cup 2022
2022-11-21,USA,Wales,1,1,1,World Cup 2022
2022-11-22,Argentina,Saudi Arabia,1,2,1,World Cup 2022
2022-11-22,Mexico,Poland,0,0,1,World Cup 2022
2022-11-22,Denmark,Tunisia,0,0,1,World Cup 2022
2022-11-22,France,Australia,4,1,1,World Cup 2022
2022-11-23,Germany,Japan,1,2,1,World Cup 2022
2022-11-23,Spain,Costa Rica,7,0,1,World Cup 2022
2022-11-23,Morocco,Croatia,0,0,1,World Cup 2022
2022-11-23,Belgium,Canada,1,0,1,World Cup 2022
2022-11-24,Switzerland,Cameroon,1,0,1,World Cup 2022
2022-11-24,Brazil,Serbia,2,0,1,World Cup 2022
2022-11-24,Uruguay,South Korea,0,0,1,World Cup 2022
2022-11-24,Portugal,Ghana,3,2,1,World Cup 2022
2022-11-25,Qatar,Senegal,1,3,0,World Cup 2022
2022-11-25,Netherlands,Ecuador,1,1,1,World Cup 2022
2022-11-25,Wales,Iran,0,2,1,World Cup 2022
2022-11-25,England,USA,0,0,1,World Cup 2022
2022-11-26,Poland,Saudi Arabia,2,0,1,World Cup 2022
2022-11-26,Argentina,Mexico,2,0,1,World Cup 2022
2022-11-26,Tunisia,Australia,0,1,1,World Cup 2022
2022-11-26,France,Denmark,2,1,1,World Cup 2022
2022-11-27,Japan,Costa Rica,0,1,1,World Cup 2022
2022-11-27,Spain,Germany,1,1,1,World Cup 2022
2022-11-27,Belgium,Morocco,0,2,1,World Cup 2022
2022-11-27,Croatia,Canada,4,1,1,World Cup 2022
2022-11-28,Cameroon,Serbia,3,3,1,World Cup 2022
2022-11-28,Brazil,Switzerland,1,0,1,World Cup 2022
2022-11-28,South Korea,Ghana,2,3,1,World Cup 2022
2022-11-28,Portugal,Uruguay,2,0,1,World Cup 2022
2022-11-29,Ecuador,Senegal,1,2,1,World Cup 2022
2022-11-29,Netherlands,Qatar,2,0,0,World Cup 2022
2022-11-29,Wales,England,0,3,1,World Cup 2022
2022-11-29,Iran,USA,0,1,1,World Cup 2022
2022-11-30,Poland,Argentina,0,2,1,World Cup 2022
2022-11-30,Saudi Arabia,Mexico,1,2,1,World Cup 2022
2022-11-30,Australia,Denmark,1,0,1,World Cup 2022
2022-11-30,Tunisia,France,1,0,1,World Cup 2022
2022-12-01,Japan,Spain,2,1,1,World Cup 2022
2022-12-01,Costa Rica,Germany,2,4,1,World Cup 2022
2022-12-01,Croatia,Belgium,0,0,1,World Cup 2022
2022-12-01,Canada,Morocco,1,2,1,World Cup 2022
2022-12-02,Serbia,Switzerland,2,3,1,World Cup 2022
2022-12-02,Cameroon,Brazil,1,0,1,World Cup 2022
2022-12-02,Ghana,Uruguay,0,2,1,World Cup 2022
2022-12-02,South Korea,Portugal,2,1,1,World Cup 2022
2022-12-03,Netherlands,USA,3,1,1,World Cup 2022
2022-12-03,Argentina,Australia,2,1,1,World Cup 2022
2022-12-04,France,Poland,3,1,1,World Cup 2022
2022-12-04,England,Senegal,3,0,1,World Cup 2022
2022-12-05,Japan,Croatia,1,1,1,World Cup 2022
2022-12-05,Brazil,South Korea,4,1,1,World Cup 2022
2022-12-06,Morocco,Spain,0,0,1,World Cup 2022
2022-12-06,Portugal,Switzerland,6,1,1,World Cup 2022
2022-12-09,Croatia,Brazil,0,0,1,World Cup 2022
2022-12-09,Netherlands,Argentina,2,2,1,World Cup 2022
2022-12-10,Morocco,Portugal,1,0,1,World Cup 2022
2022-12-10,England,France,1,2,1,World Cup 2022
2022-12-13,Argentina,Croatia,3,0,1,World Cup 2022
2022-12-14,France,Morocco,2,0,1,World Cup 2022
2022-12-17,Croatia,Morocco,2,1,1,World Cup 2022
2022-12-18,Argentina,France,2,2,1,World Cup 2022
2026-06-11,Mexico,South Africa,2,0,0,World Cup 2026
2026-06-11,South Korea,Czech Republic,2,1,1,World Cup 2026
2026-06-12,Canada,Bosnia & Herzegovina,1,1,0,World Cup 2026
2026-06-12,USA,Paraguay,4,1,0,World Cup 2026
2026-06-13,Qatar,Switzerland,1,1,1,World Cup 2026
2026-06-13,Brazil,Morocco,1,1,1,World Cup 2026
2026-06-13,Haiti,Scotland,0,1,1,World Cup 2026
2026-06-13,Australia,Turkey,2,0,1,World Cup 2026
2026-06-14,Germany,Curaçao,7,1,1,World Cup 2026
2026-06-14,Ivory Coast,Ecuador,1,0,1,World Cup 2026
2026-06-14,Netherlands,Japan,2,2,1,World Cup 2026
2026-06-14,Sweden,Tunisia,5,1,1,World Cup 2026
2026-06-15,Belgium,Egypt,1,1,1,World Cup 2026
2026-06-15,Iran,New Zealand,2,2,1,World Cup 2026
2026-06-15,Spain,Cape Verde,0,0,1,World Cup 2026
2026-06-15,Saudi Arabia,Uruguay,1,1,1,World Cup 2026
2026-06-16,France,Senegal,3,1,1,World Cup 2026
2026-06-16,Iraq,Norway,1,4,1,World Cup 2026
2026-06-16,Argentina,Algeria,3,0,1,World Cup 2026
2026-06-16,Austria,Jordan,3,1,1,World Cup 2026
2026-06-17,Portugal,DR Congo,1,1,1,World Cup 2026
2026-06-17,Uzbekistan,Colombia,1,3,1,World Cup 2026
2026-06-17,England,Croatia,4,2,1,World Cup 2026
2026-06-17,Ghana,Panama,1,0,1,World Cup 2026
2026-06-18,Czech Republic,South Africa,1,1,1,World Cup 2026
2026-06-18,Mexico,South Korea,1,0,0,World Cup 2026
2026-06-18,Switzerland,Bosnia & Herzegovina,4,1,1,World Cup 2026
2026-06-18,Canada,Qatar,6,0,0,World Cup 2026
2026-06-19,Scotland,Morocco,0,1,1,World Cup 2026
2026-06-19,Brazil,Haiti,3,0,1,World Cup 2026
2026-06-19,USA,Australia,2,0,0,World Cup 2026
2026-06-19,Turkey,Paraguay,0,1,1,World Cup 2026
2026-06-20,Germany,Ivory Coast,2,1,1,World Cup 2026
2026-06-20,Ecuador,Curaçao,0,0,1,World Cup 2026
2026-06-20,Netherlands,Sweden,5,1,1,World Cup 2026
2026-06-20,Tunisia,Japan,0,4,1,World Cup 2026
2026-06-21,Belgium,Iran,0,0,1,World Cup 2026
2026-06-21,New Zealand,Egypt,1,3,1,World Cup 2026
2026-06-21,Spain,Saudi Arabia,4,0,1,World Cup 2026
2026-06-21,Uruguay,Cape Verde,2,2,1,World Cup 2026
2026-06-22,France,Iraq,3,0,1,World Cup 2026
2026-06-22,Norway,Senegal,3,2,1,World Cup 2026
2026-06-22,Argentina,Austria,2,0,1,World Cup 2026
2026-06-22,Jordan,Algeria,1,2,1,World Cup 2026
2026-06-23,Portugal,Uzbekistan,5,0,1,World Cup 2026
2026-06-23,Colombia,DR Congo,1,0,1,World Cup 2026
2026-06-23,England,Ghana,0,0,1,World Cup 2026
2026-06-23,Panama,Croatia,0,1,1,World Cup 2026
2026-06-24,Czech Republic,Mexico,0,3,0,World Cup 2026
2026-06-24,South Africa,South Korea,1,0,1,World Cup 2026
2026-06-24,Switzerland,Canada,2,1,0,World Cup 2026
2026-06-24,Bosnia & Herzegovina,Qatar,3,1,1,World Cup 2026
2026-06-24,Scotland,Brazil,0,3,1,World Cup 2026
2026-06-24,Morocco,Haiti,4,2,1,World Cup 2026
2026-06-25,Turkey,USA,3,2,0,World Cup 2026
2026-06-25,Paraguay,Australia,0,0,1,World Cup 2026
2026-06-25,Curaçao,Ivory Coast,0,2,1,World Cup 2026
2026-06-25,Ecuador,Germany,2,1,1,World Cup 2026
2026-06-25,Japan,Sweden,1,1,1,World Cup 2026
2026-06-25,Tunisia,Netherlands,1,3,1,World Cup 2026
2026-06-26,Egypt,Iran,1,1,1,World Cup 2026
2026-06-26,New Zealand,Belgium,1,5,1,World Cup 2026
2026-06-26,Cape Verde,Saudi Arabia,0,0,1,World Cup 2026
2026-06-26,Uruguay,Spain,0,1,1,World Cup 2026
2026-06-26,Norway,France,1,4,1,World Cup 2026
2026-06-26,Senegal,Iraq,5,0,1,World Cup 2026
2026-06-27,Algeria,Austria,3,3,1,World Cup 2026
2026-06-27,Jordan,Argentina,1,3,1,World Cup 2026
2026-06-27,Colombia,Portugal,0,0,1,World Cup 2026
2026-06-27,DR Congo,Uzbekistan,3,1,1,World Cup 2026
2026-06-27,Panama,England,0,2,1,World Cup 2026
2026-06-27,Croatia,Ghana,2,1,1,World Cup 2026
2026-06-28,South Africa,Canada,0,1,0,World Cup 2026
2026-06-29,Germany,Paraguay,1,1,1,World Cup 2026
2026-06-29,Netherlands,Morocco,1,1,1,World Cup 2026
2026-06-29,Brazil,Japan,2,1,1,World Cup 2026
2026-06-30,France,Sweden,3,0,1,World Cup 2026
2026-06-30,Ivory Coast,Norway,1,2,1,World Cup 2026
2026-06-30,Mexico,Ecuador,2,0,0,World Cup 2026
2026-07-01,England,DR Congo,2,1,1,World Cup 2026
2026-07-01,USA,Bosnia & Herzegovina,2,0,0,World Cup 2026
2026-07-01,Belgium,Senegal,2,2,1,World Cup 2026
2026-07-02,Portugal,Croatia,2,1,1,World Cup 2026
2026-07-02,Spain,Austria,3,0,1,World Cup 2026
2026-07-02,Switzerland,Algeria,2,0,1,World Cup 2026
2026-07-03,Argentina,Cape Verde,1,1,1,World Cup 2026
2026-07-03,Colombia,Ghana,1,0,1,World Cup 2026
2026-07-03,Australia,Egypt,1,1,1,World Cup 2026
2026-07-04,Paraguay,France,0,1,1,World Cup 2026
2026-07-04,Canada,Morocco,0,3,0,World Cup 2026
2026-07-05,Brazil,Norway,1,2,1,World Cup 2026
2026-07-05,Mexico,England,2,3,0,World Cup 2026
2026-07-06,Portugal,Spain,0,1,1,World Cup 2026
2026-07-06,USA,Belgium,1,4,0,World Cup 2026
2026-07-07,Argentina,Egypt,3,2,1,World Cup 2026
2026-07-07,Switzerland,Colombia,0,0,1,World Cup 2026
2026-07-09,France,Morocco,2,0,1,World Cup 2026
2026-07-10,Spain,Belgium,2,1,1,World Cup 2026
2026-07-11,Norway,England,1,1,1,World Cup 2026
2026-07-11,Argentina,Switzerland,1,1,1,World Cup 2026
